{"NumModels": 1, "ModelIndexes": {"0": "WIZARD_WAND_MODEL"}, "ModelDescriptions": [{"Name": "WIZARD_WAND_MODEL", "ClassMaps": {"1": "E", "2": "I", "3": "L", "4": "M", "5": "N", "6": "S", "7": "Unknown", "0": "Unknown"}, "ModelType": "Decision Tree Ensemble", "FeatureNames": ["AccelerometerXSamplingMax01", "AccelerometerXSamplingMax02", "AccelerometerXSamplingMax04", "AccelerometerXSamplingMax05", "AccelerometerXSamplingMax08", "AccelerometerXSamplingMax09", "AccelerometerXSamplingMax11", "AccelerometerYSamplingMax10", "AccelerometerYSamplingMax11", "AccelerometerZSamplingMax00", "AccelerometerZSamplingMax01", "AccelerometerZSamplingMax02", "AccelerometerZSamplingMax03", "AccelerometerZSamplingMax04", "AccelerometerZSamplingMax06", "AccelerometerZSamplingMax07", "AccelerometerZSamplingMax08", "AccelerometerZSamplingMax09", "AccelerometerZSamplingMax10", "AccelerometerZSamplingMax11", "GyroscopeXSamplingMax00", "GyroscopeXSamplingMax01", "GyroscopeXSamplingMax02", "GyroscopeXSamplingMax03", "GyroscopeXSamplingMax04", "GyroscopeXSamplingMax05", "GyroscopeXSamplingMax06", "GyroscopeXSamplingMax07", "GyroscopeXSamplingMax08", "GyroscopeXSamplingMax09", "GyroscopeXSamplingMax10", "GyroscopeXSamplingMax11", "GyroscopeYSamplingMax02", "GyroscopeZSamplingMax06", "GyroscopeZSamplingMax07", "GyroscopeZSamplingMax10"], "FeatureFunctions": ["Downsample Max With Normaliztion", "Downsample Max With Normaliztion", "Downsample Max With Normaliztion", "Downsample Max With Normaliztion", "Downsample Max With Normaliztion", "Downsample Max With Normaliztion", "Downsample Max With Normaliztion", "Downsample Max With Normaliztion", "Downsample Max With Normaliztion", "Downsample Max With Normaliztion", "Downsample Max With Normaliztion", "Downsample Max With Normaliztion", "Downsample Max With Normaliztion", "Downsample Max With Normaliztion", "Downsample Max With Normaliztion", "Downsample Max With Normaliztion", "Downsample Max With Normaliztion", "Downsample Max With Normaliztion", "Downsample Max With Normaliztion", "Downsample Max With Normaliztion", "Downsample Max With Normaliztion", "Downsample Max With Normaliztion", "Downsample Max With Normaliztion", "Downsample Max With Normaliztion", "Downsample Max With Normaliztion", "Downsample Max With Normaliztion", "Downsample Max With Normaliztion", "Downsample Max With Normaliztion", "Downsample Max With Normaliztion", "Downsample Max With Normaliztion", "Downsample Max With Normaliztion", "Downsample Max With Normaliztion", "Downsample Max With Normaliztion", "Downsample Max With Normaliztion", "Downsample Max With Normaliztion", "Downsample Max With Normaliztion"], "knowledgepack_summary": [{"name": "Max Min Threshold Segmentation", "type": "segmenter", "uuid": "0b49d80a-5a6a-4cf3-b5ef-73f125b1991c", "inputs": {"input_data": "temp.raw", "group_columns": [], "threshold_space": "sum", "column_of_interest": "Trigger", "first_vt_threshold": 1000, "max_segment_length": 700, "min_segment_length": 50, "second_vt_threshold": 1000, "return_segment_index": false, "threshold_space_width": 1}, "outputs": ["temp.segmenter0"]}, {"set": [{"family": true, "inputs": {"columns": ["AccelerometerX"], "new_length": 12}, "outputs": [0], "function_name": "Downsample Max With Normaliztion"}, {"family": true, "inputs": {"columns": ["AccelerometerY"], "new_length": 12}, "outputs": [0], "function_name": "Downsample Max With Normaliztion"}, {"family": true, "inputs": {"columns": ["AccelerometerZ"], "new_length": 12}, "outputs": [0], "function_name": "Downsample Max With Normaliztion"}, {"family": true, "inputs": {"columns": ["GyroscopeX"], "new_length": 12}, "outputs": [0], "function_name": "Downsample Max With Normaliztion"}, {"family": true, "inputs": {"columns": ["GyroscopeY"], "new_length": 12}, "outputs": [0], "function_name": "Downsample Max With Normaliztion"}, {"family": true, "inputs": {"columns": ["GyroscopeZ"], "new_length": 12}, "outputs": [0], "function_name": "Downsample Max With Normaliztion"}], "name": "generator_set", "type": "generatorset", "inputs": {"input_data": "temp.segmenter0", "group_columns": ["segment_uuid", "Set", "Label", "SegmentID"]}, "outputs": ["temp.generator_set0", "temp.features.generator_set0"]}, {"name": "Min Max Scale", "type": "transform", "inputs": {"pad": 0, "max_bound": 255, "min_bound": 0, "input_data": "temp.generator_set0", "passthrough_columns": ["segment_uuid", "Set", "Label", "SegmentID"], "feature_min_max_defaults": null, "feature_min_max_parameters": {"maximums": {"gen_0004_GyroscopeXSamplingMax00": 678.4525146484375, "gen_0004_GyroscopeXSamplingMax01": 608.8417358398438, "gen_0004_GyroscopeXSamplingMax02": 472.17889404296875, "gen_0004_GyroscopeXSamplingMax03": 361.9093017578125, "gen_0004_GyroscopeXSamplingMax04": 296.78997802734375, "gen_0004_GyroscopeXSamplingMax05": 258.2149963378906, "gen_0004_GyroscopeXSamplingMax06": 255.00001525878906, "gen_0004_GyroscopeXSamplingMax07": 255.00001525878906, "gen_0004_GyroscopeXSamplingMax08": 255.00001525878906, "gen_0004_GyroscopeXSamplingMax09": 255.00001525878906, "gen_0004_GyroscopeXSamplingMax10": 255.00001525878906, "gen_0004_GyroscopeXSamplingMax11": 255.00001525878906, "gen_0005_GyroscopeYSamplingMax02": 496.5789489746094, "gen_0006_GyroscopeZSamplingMax06": 498.716796875, "gen_0006_GyroscopeZSamplingMax07": 407.5833740234375, "gen_0006_GyroscopeZSamplingMax10": 255.00001525878906, "gen_0001_AccelerometerXSamplingMax01": 314.9896240234375, "gen_0001_AccelerometerXSamplingMax02": 255.00001525878906, "gen_0001_AccelerometerXSamplingMax04": 255.00001525878906, "gen_0001_AccelerometerXSamplingMax05": 255.00001525878906, "gen_0001_AccelerometerXSamplingMax08": 255.00001525878906, "gen_0001_AccelerometerXSamplingMax09": 255.00001525878906, "gen_0001_AccelerometerXSamplingMax11": 255.00001525878906, "gen_0002_AccelerometerYSamplingMax10": 255.00001525878906, "gen_0002_AccelerometerYSamplingMax11": 255.00001525878906, "gen_0003_AccelerometerZSamplingMax00": 308.01092529296875, "gen_0003_AccelerometerZSamplingMax01": 303.24102783203125, "gen_0003_AccelerometerZSamplingMax02": 255.00001525878906, "gen_0003_AccelerometerZSamplingMax03": 255.00001525878906, "gen_0003_AccelerometerZSamplingMax04": 255.00001525878906, "gen_0003_AccelerometerZSamplingMax06": 255.00001525878906, "gen_0003_AccelerometerZSamplingMax07": 255.00001525878906, "gen_0003_AccelerometerZSamplingMax08": 255.00001525878906, "gen_0003_AccelerometerZSamplingMax09": 255.00001525878906, "gen_0003_AccelerometerZSamplingMax10": 255.00001525878906, "gen_0003_AccelerometerZSamplingMax11": 255.00001525878906}, "minimums": {"gen_0004_GyroscopeXSamplingMax00": 0.0, "gen_0004_GyroscopeXSamplingMax01": 0.0, "gen_0004_GyroscopeXSamplingMax02": 0.0, "gen_0004_GyroscopeXSamplingMax03": 0.0, "gen_0004_GyroscopeXSamplingMax04": 0.0, "gen_0004_GyroscopeXSamplingMax05": 0.0, "gen_0004_GyroscopeXSamplingMax06": 0.0, "gen_0004_GyroscopeXSamplingMax07": 0.0, "gen_0004_GyroscopeXSamplingMax08": 0.0, "gen_0004_GyroscopeXSamplingMax09": 0.0, "gen_0004_GyroscopeXSamplingMax10": 0.0, "gen_0004_GyroscopeXSamplingMax11": 0.0, "gen_0005_GyroscopeYSamplingMax02": 0.0, "gen_0006_GyroscopeZSamplingMax06": 0.0, "gen_0006_GyroscopeZSamplingMax07": 0.0, "gen_0006_GyroscopeZSamplingMax10": 0.0, "gen_0001_AccelerometerXSamplingMax01": 0.0, "gen_0001_AccelerometerXSamplingMax02": 0.0, "gen_0001_AccelerometerXSamplingMax04": 0.0, "gen_0001_AccelerometerXSamplingMax05": 0.0, "gen_0001_AccelerometerXSamplingMax08": 0.0, "gen_0001_AccelerometerXSamplingMax09": 0.0, "gen_0001_AccelerometerXSamplingMax11": 0.0, "gen_0002_AccelerometerYSamplingMax10": 0.0, "gen_0002_AccelerometerYSamplingMax11": 0.0, "gen_0003_AccelerometerZSamplingMax00": 0.0, "gen_0003_AccelerometerZSamplingMax01": 0.0, "gen_0003_AccelerometerZSamplingMax02": 0.0, "gen_0003_AccelerometerZSamplingMax03": 0.0, "gen_0003_AccelerometerZSamplingMax04": 0.0, "gen_0003_AccelerometerZSamplingMax06": 0.0, "gen_0003_AccelerometerZSamplingMax07": 0.0, "gen_0003_AccelerometerZSamplingMax08": 0.0, "gen_0003_AccelerometerZSamplingMax09": 0.0, "gen_0003_AccelerometerZSamplingMax10": 0.0, "gen_0003_AccelerometerZSamplingMax11": 0.0}}}, "outputs": ["temp.Min_Max_Scale0.RCL.0", "temp.features.Min_Max_Scale0.RCL.0"], "feature_table": "temp.features.generator_set0"}], "sensors_columns": ["AccelerometerX", "AccelerometerY", "AccelerometerZ", "GyroscopeX", "GyroscopeY", "GyroscopeZ", "Trigger"], "uuid": "721ce3a5-a6da-4095-a2ac-d79dbcf7df98"}]}